Workbook

Sheet Folder pagecounts and compariso
A1: Folder | B1: Approx date | C1: Notes | D1: PW notes | E1: PJ/JL date | F1: Earliest date | G1: latest date | H1: PW page count | I1: Zebrapedia page count | J1: PDF page count | K1: Zebrapedia/PDF discrep | L1: PDF/PW discrepancy
A2: 1 | C2: With title page. | D2: "Found in Capitol Films envelope dated 1980." Detailed list of typed letters. | E2: Oct-Nov 1980 | F2: 29512 | G2: 29593 | H2: 308 | I2: 310 | J2: 310 | K2: =I2-J2 -> 0 | L2: =J2-H2 -> 2
A3: 2 | B3: Sept. 1978 (ca.)--PW | E3: 28734 | F3: 28734 | G3: 28763 | H3: 90 | I3: 90 | J3: 90 | K3: =I3-J3 -> 0 | L3: =J3-H3 -> 0
A4: 3 | B4: Sept. 7 1978 (PW) | E4: 28734 | F4: 28734 | G4: 28763 | H4: 88 | I4: 88 | J4: 88 | K4: =I4-J4 -> 0 | L4: =J4-H4 -> 0
A5: 5 | C5: Missing 9-p. piece "A dream, from St. Sophia"- Prob. removed for privacy reasons, due to note "heavy analysis of impending break-up with Tessa") | D5: "letters 2/75-9/76" | E5: 1975-1976 | F5: 27452 | G5: 28033 | H5: 313 | I5: 312 | J5: 312 | K5: =I5-J5 -> 0 | L5: =J5-H5 -> -1
A6: 6 | E6: 1979-early (2) | F6: 28856 | G6: 28886 | H6: 72 | I6: 72 | J6: 72 | K6: =I6-J6 -> 0 | L6: =J6-H6 -> 0
A7: 8 | E7: 1979-early (1) | F7: 28856 | G7: 28886 | H7: 26 | I7: 26 | J7: 26 | K7: =I7-J7 -> 0 | L7: =J7-H7 -> 0
A8: 9 | E8: 1978-12 | F8: 28825 | G8: 28855 | H8: 76 | I8: 76 | J8: 76 | K8: =I8-J8 -> 0 | L8: =J8-H8 -> 0
A9: 10 | E9: 1979-early (3) | F9: 28887 | G9: 28914 | H9: 115 | I9: 115 | J9: 115 | K9: =I9-J9 -> 0 | L9: =J9-H9 -> 0
A10: 11 | E10: 1978-12 | F10: 28825 | G10: 28855 | H10: 86 | I10: 86 | J10: 86 | K10: =I10-J10 -> 0 | L10: =J10-H10 -> 0
A11: 12 | F11: ?? | G11: ?? | H11: 30 | I11: 30 | J11: 30 | K11: =I11-J11 -> 0 | L11: =J11-H11 -> 0
A12: 13 | C12: Expanded with new scans. | E12: 1979-early (4) | F12: 1979-01 | G12: 1979-04 | H12: 60 | I12: 60 | J12: 60 | K12: =I12-J12 -> 0 | L12: =J12-H12 -> 0
A13: 14 | E13: Mar-Apr 1978 | F13: 28550 | G13: 28610 | H13: 128 | I13: 130 | J13: 130 | K13: =I13-J13 -> 0 | L13: =J13-H13 -> 2
A14: 15 | E14: 28611 | F14: 28611 | G14: 28641 | H14: 146 | I14: 146 | J14: 146 | K14: =I14-J14 -> 0 | L14: =J14-H14 -> 0 | M14: pkd-folder-15
A15: 16 | E15: Jun-Jul 1978 | F15: 28642 | G15: 28701 | H15: 116 | I15: 116 | J15: 116 | K15: =I15-J15 -> 0 | L15: =J15-H15 -> 0
A16: 20 | C16: Expanded with new scans. | E16: 28764 | F16: 1978-10 | G16: 1978-10 | H16: 82 | I16: 82 | J16: 82 | K16: =I16-J16 -> 0 | L16: =J16-H16 -> 0
A17: 21 | C17: Expanded with new scans. | E17: Oct 18 1977 | F17: 10-18-19771 | G17: 10-18-19771 | H17: 142 | I17: 142 | J17: 142 | K17: =I17-J17 -> 0 | L17: =J17-H17 -> 0
A18: 22 | E18: Oct-Nov 1978 | F18: 28764 | G18: 28824 | H18: 118 | I18: 118 | J18: 118 | K18: =I18-J18 -> 0 | L18: =J18-H18 -> 0
A19: 24 | E19: 28126 | F19: 28126 | G19: 28156 | H19: 88 | I19: 88 | J19: 88 | K19: =I19-J19 -> 0 | L19: =J19-H19 -> 0
A20: 25 | E20: Jan-Feb 1977 | F20: 28127 | G20: 28184 | H20: 50 | I20: 50 | J20: 50 | K20: =I20-J20 -> 0 | L20: =J20-H20 -> 0
A21: 26 | E21: 28157 | F21: 28157 | G21: 28184 | H21: 81 | I21: 81 | J21: 81 | K21: =I21-J21 -> 0 | L21: =J21-H21 -> 0
A22: 27 | E22: 28185 | F22: 28185 | G22: 28215 | H22: 110 | I22: 111 | J22: 111 | K22: =I22-J22 -> 0 | L22: =J22-H22 -> 1 | M22: pkd-folder-27
A23: 28 | E23: 28522 | F23: 28522 | G23: 28549 | H23: 52 | I23: 52 | J23: 52 | K23: =I23-J23 -> 0 | L23: =J23-H23 -> 0 | M23: Some pages out of order?
A24: 29 | E24: 28550 | F24: 28550 | G24: 28579 | H24: 90 | I24: 90 | J24: 90 | K24: =I24-J24 -> 0 | L24: =J24-H24 -> 0
A25: 30 | E25: 1978 (early) | F25: 28491 | G25: 28640 | H25: 26 | I25: 26 | J25: 26 | K25: =I25-J25 -> 0 | L25: =J25-H25 -> 0
A26: 31 | E26: 28399 | F26: 28399 | G26: 28429 | H26: 83 | I26: 83 | J26: 83 | K26: =I26-J26 -> 0 | L26: =J26-H26 -> 0
A27: 32 | E27: Nov 19 1977 | F27: 28448 | G27: 28448 | H27: 11 | I27: 12 | J27: 11 | K27: =I27-J27 -> 1 | L27: =J27-H27 -> 0
A28: 33 | E28: 28338 | F28: 28338 | G28: 28368 | H28: 20 | I28: 20 | J28: 20 | K28: =I28-J28 -> 0 | L28: =J28-H28 -> 0
A29: 34 | E29: Jun-Jul 1977 | F29: 28277 | G29: 28306 | H29: 14 | I29: 14 | J29: 14 | K29: =I29-J29 -> 0 | L29: =J29-H29 -> 0
A30: 35 | E30: 28307 | F30: 28307 | G30: 28337 | H30: 12 | I30: 12 | J30: 12 | K30: =I30-J30 -> 0 | L30: =J30-H30 -> 0
A31: 36 | D31: PW gives 41 as the tally, but it seems that it should be 40. | E31: Aug-Sept 1977 | F31: 28338 | G31: 28369 | H31: 40 | I31: 40 | J31: 40 | K31: =I31-J31 -> 0 | L31: =J31-H31 -> 0
A32: 38 | E32: 28703 | F32: 28703 | G32: 28733 | H32: 97 | I32: 96 | J32: 96 | K32: =I32-J32 -> 0 | L32: =J32-H32 -> -1
A33: 39 | E33: 28915 | F33: 28915 | G33: 28945 | H33: 81 | I33: 81 | J33: 81 | K33: =I33-J33 -> 0 | L33: =J33-H33 -> 0
A34: 40 | F34: 28399 | G34: 28429 | H34: 32 | I34: 32 | J34: 32 | K34: =I34-J34 -> 0 | L34: =J34-H34 -> 0
A35: 44 | C35: Missing page is verso of one of the pages between 76 and 77. | E35: 1979 | F35: 28856 | G35: 29220 | H35: 197 | I35: 196 | J35: 196 | K35: =I35-J35 -> 0 | L35: =J35-H35 -> -1
A36: 45 | E36: 1979 | F36: 28856 | G36: 29220 | H36: 204 | I36: 204 | J36: 204 | K36: =I36-J36 -> 0 | L36: =J36-H36 -> 0
A37: 46 | C37: PW misses a duplicated number (416) but lists a typed page that is not present; net 1 page missing. | E37: 1979 | F37: 28856 | G37: 29220 | H37: 210 | I37: 209 | J37: 209 | K37: =I37-J37 -> 0 | L37: =J37-H37 -> -1
A38: 48 | E38: 1979 | F38: 28856 | G38: 29220 | H38: 206 | I38: 204 | J38: 204 | K38: =I38-J38 -> 0 | L38: =J38-H38 -> -2
A39: 49 | E39: 1980-01 | F39: 29221 | G39: 29251 | H39: 164 | I39: 164 | J39: 164 | K39: =I39-J39 -> 0 | L39: =J39-H39 -> 0
A40: 50 | E40: 28491 | F40: 28491 | G40: 28521 | H40: 152 | I40: 152 | J40: 152 | K40: =I40-J40 -> 0 | L40: =J40-H40 -> 0
A41: 53 | E41: 29952 | F41: 29952 | G41: 29982 | H41: 117 | I41: 117 | J41: 117 | K41: =I41-J41 -> 0 | L41: =J41-H41 -> 0 | N41: Most pages upside down
A42: 54 | C42: PW misses 3 dup page numbers in M-sequence; gives 135 as total, but actually 138 | E42: 29983 | F42: 29983 | G42: 30000 | H42: 138 | I42: 138 | J42: 138 | K42: =I42-J42 -> 0 | L42: =J42-H42 -> 0
A43: 55 | C43: didn't page-by-page, might be a discrepancy | E43: Dec 1981-Feb 1982 | F43: 29921 | G43: 30000 | H43: 199 | I43: 198 | J43: 198 | K43: =I43-J43 -> 0 | L43: =J43-H43 -> -1 | N43: Big chunk of out of order pages in the D pagination sequence. Corrected in PDF but not in Zebrapedia
A44: 56 | E44: Aug-Dec 1981 | F44: 29816 | G44: 30000 | H44: 209 | I44: 209 | J44: 209 | K44: =I44-J44 -> 0 | L44: =J44-H44 -> 0 | M44: Scanned but missing from Zebrapedia
A45: 57 | E45: 29983 | F45: 29921 | G45: 30000 | H45: 48 | I45: 49 | J45: 48 | K45: =I45-J45 -> 1 | L45: =J45-H45 -> 0
A46: 58 | C46: Cosmogony and Cosmology. Not numbered as folder in Zebrapedia | F46: 28513 | G46: 28513 | H46: 29 | I46: 29 | J46: 29 | K46: =I46-J46 -> 0 | L46: =J46-H46 -> 0
A47: 62 | E47: 1981-09 | F47: 29830 | G47: 29859 | H47: 137 | I47: 137 | J47: 137 | K47: =I47-J47 -> 0 | L47: =J47-H47 -> 0
A48: 63 | E48: Fall 1981 (1) | F48: 29921 | G48: 30000 | H48: 57 | I48: 57 | J48: 57 | K48: =I48-J48 -> 0 | L48: =J48-H48 -> 0
A49: 64 | E49: Fall 1981 (2) | F49: 29922 | G49: 30000 | H49: 43 | I49: 43 | J49: 43 | K49: =I49-J49 -> 0 | L49: =J49-H49 -> 0
A50: 81 | E50: 1981-06 | F50: 29738 | G50: 29767 | H50: 323 | I50: 323 | J50: 323 | K50: =I50-J50 -> 0 | L50: =J50-H50 -> 0
A51: 82 | E51: Jan-Apr 1980 | F51: 29250 | G51: 29338 | H51: 135 | I51: 135 | J51: 135 | K51: =I51-J51 -> 0 | L51: =J51-H51 -> 0
A52: 83 | E52: Jun-Oct 1980 | F52: 29376 | G52: 29494 | H52: 189 | I52: 189 | J52: 189 | K52: =I52-J52 -> 0 | L52: =J52-H52 -> 0
A53: 84 | E53: 1981-early (5) | F53: 29677 | G53: 29696 | H53: 10 | I53: 11 | J53: 11 | K53: =I53-J53 -> 0 | L53: =J53-H53 -> 1
A54: 87 | E54: Nov-Dec 1980 | F54: 29542 | G54: 29563 | H54: 78 | I54: 78 | J54: 78 | K54: =I54-J54 -> 0 | L54: =J54-H54 -> 0
A55: 88 | E55: 29556 | F55: 29526 | G55: 29581 | H55: 104 | I55: 99 | J55: 99 | K55: =I55-J55 -> 0 | L55: =J55-H55 -> -5
A56: 89 | C56: 8 duplicate pages at end of file. Should side-by-side in case there are differences. | E56: Jan-Apr 1981 | F56: 29584 | G56: 29706 | H56: 258 | I56: 258 | J56: 266 | K56: =I56-J56 -> -8 | L56: =J56-H56 -> 8
A57: 90 | E57: 1981-04 | F57: 29692 | G57: 29706 | H57: 203 | I57: 204 | J57: 203 | K57: =I57-J57 -> 1 | L57: =J57-H57 -> 0
A58: 91 | E58: 1981-06 | F58: 29738 | G58: 29767 | H58: 171 | I58: 171 | J58: 171 | K58: =I58-J58 -> 0 | L58: =J58-H58 -> 0
A59: 4 | D59: "includes letters - 1 -- that may be transferred out of Exegesis file - found together in stack". PW gives a detailed list of letters, so this is reconstructable. | E59: 1974-1975 | F59: 27061 | G59: 27759 | H59: 252 | I59: 231 | J59: 231 | K59: =I59-J59 -> 0 | L59: =J59-H59 -> -21 | M59: Missing pages are mostly letters from Jan-Feb. 1975, detailed in PW inventory.
A60: 7 | D60: handwritten, pp.1-65. "Steiner" | F60: ?? | G60: ?? | H60: 65 | J60: 65 | L60: =J60-H60 -> 0
A61: 17 | D61: Typed pages | E61: April-June 1978 | F61: 28581 | G61: 28671 | H61: 7 | J61: 7 | L61: =J61-H61 -> 0
A62: 18 | C62: Selections in published E. | E62: 28703 | F62: 28703 | G62: 28733 | H62: 87 | J62: 87 | L62: =J62-H62 -> 0 | M62: Pages out of order
A63: 19 | C63: Selections in published E. | E63: Sept-Oct 1978 | F63: 28734 | G63: 28794 | H63: 71 | J63: 71 | L63: =J63-H63 -> 0
A64: 23 | C64: Selections in published E. Probably reviewed prior to Zebrapedia project and hence excluded. | E64: Nov-Dec 1976 | F64: 28065 | G64: 28125 | H64: 142 | J64: 142 | L64: =J64-H64 -> 0
A65: 37 | D65: 9 handwritten pages. "KW points out" | F65: ?? | G65: ?? | H65: 9 | L65: =J65-H65 -> -9
A66: 41 | C66: Selections in published E (1200p sequence) | E66: 1979 | F66: 28856 | G66: 29220 | H66: 68 | J66: 68 | L66: =J66-H66 -> 0
A67: 42 | C67: Selections in published E (1200p sequence) | D67: PW miscounts tally as 63, inventory shows 64. | E67: 1979 | F67: 28856 | G67: 29220 | H67: 64 | J67: 64 | L67: =J67-H67 -> 0
A68: 43 | C68: Selections in published E (1200p sequence) | D68: PW miscounts tally as 106, inventory shows 108 | E68: 1979 | F68: 28856 | G68: 29220 | H68: 108 | J68: 108 | L68: =J68-H68 -> 0
A69: 47 | B69: Date STATED: p. 155 - Early Nov. 1979. See also p. 83 | C69: Selections in published E (1200p sequence) | E69: Nov. 1979 | F69: 29129 | G69: 29189 | H69: 200 | J69: 200 | L69: =J69-H69 -> 0
A70: 51 | C70: "notebook from early '72, not part of Exegesis-- to be refiled. Henceforth, 051 is a null entry." | F70: 1 | G70: 2 | H70: 0 | J70: 0 | L70: =J70-H70 -> 0
A71: 52 | C71: Per PW, mostly clippings and xeroxed printed matter | E71: 28581 | F71: 28581 | G71: 28610 | H71: 16 | J71: 16 | L71: =J71-H71 -> 0
A72: 59 | C72: Selections in published E. | E72: 1981-early (1) | F72: 29587 | G72: 29706 | H72: 60 | J72: 60 | L72: =J72-H72 -> 0
A73: 60 | C73: Selections in published E. | E73: 1981-early (2) | F73: 29588 | G73: 29706 | H73: 83 | J73: 81 | L73: =J73-H73 -> -2
A74: 61 | D74: Pages C-8 to C-12, from folder 56. | E74: Aug-Dec 1981 | F74: 29799 | G74: 29951 | H74: 5 | J74: 5 | L74: =J74-H74 -> 0
A75: 65 | D75: Pages G-10 to G-13 | E75: After 11-17-81 | F75: 29677 | G75: 29706 | H75: 4 | J75: 4 | L75: =J75-H75 -> 0
A76: 66 | D76: Pages H-5 to H-9 | F76: 29678 | G76: 29736 | H76: 5 | J76: 5 | L76: =J76-H76 -> 0
A77: 67 | C77: Selections in published E | E77: 29921 | F77: 29921 | G77: 29951 | H77: 12 | J77: 12 | L77: =J77-H77 -> 0
A78: 68 | B78: DATED: 12/9/81 | C78: Selections in published E | F78: 29921 | G78: 29951 | H78: 26 | J78: 26 | L78: =J78-H78 -> 0
A79: 69 | C79: Selections in published E | E79: 29921 | F79: 29921 | G79: 29951 | H79: 24 | J79: 24 | L79: =J79-H79 -> 0
A80: 70 | C80: Folder 55 picks up at X-4 | D80: Pages X-1 to X-3 | F80: 29921 | G80: 30000 | H80: 3 | J80: 3 | L80: =J80-H80 -> 0
A81: 71 | D81: Pages L-1 to L-151 | F81: 29738 | G81: 29767 | H81: 150 | J81: 150 | L81: =J81-H81 -> 0
A82: 72 | D82: Mages M-1 to M-62 incomplete | F82: 29739 | G82: 29797 | H82: 51 | J82: 51 | L82: =J82-H82 -> 0
A83: 73 | C83: Selections in published E. | D83: Page P-18 to P-54 very incomplete | E83: 29921 | F83: 29740 | G83: 29951 | H83: 15 | J83: 15 | L83: =J83-H83 -> 0
A84: 74 | D84: Pages A-1 to A-7 | F84: 29556 | G84: 29588 | H84: 7 | J84: 7 | L84: =J84-H84 -> 0
A85: 75 | C85: Selections in published E. | D85: Pages D-1 to D-132 incomplete | E85: 1981-early (3) | F85: 29589 | G85: 29706 | H85: 98 | J85: 98 | L85: =J85-H85 -> 0
A86: 76 | C86: Selections in published E. | D86: Pages E-1 to E-21 plus some D pages | E86: 1981-early (4) | F86: 29590 | G86: 29706 | H86: 19 | J86: 19 | L86: =J86-H86 -> 0
A87: 77 | C87: Selections in published E. | D87: Pages G-1 to G-47 with a break | E87: 1981-early (6) | F87: 29592 | G87: 29706 | H87: 43 | J87: 43 | L87: =J87-H87 -> 0
A88: 78 | C88: Selections in published E. | D88: Pages H-1 to H-6 | E88: 1981-05 | F88: 29707 | G88: 29736 | H88: 6 | J88: 12 | L88: =J88-H88 -> 6
A89: 79 | C89: Selections in published E. | D89: Pages I-1 to I-131 | E89: 1981-05 | F89: 29707 | G89: 29736 | H89: 130 | J89: 129 | L89: =J89-H89 -> -1
A90: 80 | C90: Selections in published E. | D90: Pages J-1 to J-132 | E90: 1981-06 | F90: 29738 | G90: 29767 | H90: 93 | J90: 93 | L90: =J90-H90 -> 0
A91: 85 | C91: Selections in published E. | E91: 29556 | F91: 29556 | G91: 29586 | H91: 91 | J91: 92 | L91: =J91-H91 -> 1
A92: 86 | D92: 16 p. of Valis notes | F92: 27760 | G92: 28490 | H92: 16 | J92: 17 | L92: =J92-H92 -> 1
H96: =SUM(H1:H93) -> 8494 | I96: =SUM(I1:I93) -> 6692 | J96: =SUM(J1:J93) -> 8471 | K96: =SUM(K1:K93) -> -5
I98: =I96/H96 -> 0.78785025

Sheet Page sequences
A1: Folder | B1: Page # begin | C1: Page # end | D1: # of pages | E1: Date | F1: Date evidence | G1: Notes
A2: 1 | B2: Title page | D2: 1 | E2: 29557 | F2: Stated
A3: 1 | B3: 498 | C3: 543 | D3: 43 | E3: 29512 | G3: Some typed pages, possibly from another sequence. PP533-537 lacking.
A4: 1 | B4: 1 | C4: 4 | D4: 4 | E4: 29513 | F4: Stated | G4: Typed
A5: 1 | B5: 1 | C5: 10 | D5: 10 | E5: 29514 | F5: Stated | G5: Typed
A6: 1 | B6: 1 | C6: 8 | D6: 8 | E6: 29515 | F6: Stated | G6: Typed
A7: 1 | B7: 641 | C7: 645 | D7: 5 | E7: 29515 | F7: Stated | H7: (after 10/20)
A8: 1 | B8: 9 | C8: 9 | D8: 1 | E8: 29515 | G8: Typed
A9: 1 | B9: 1 | C9: 4 | D9: 4 | E9: 29516 | F9: Stated | G9: Typed | H9: Continues from last page of 10-21-80 typed
A10: 1 | B10: 1 | C10: 4 | D10: 4 | E10: 29517 | F10: Stated | G10: Typed
A11: 1 | B11: 1 | C11: [7] | D11: 7 | E11: 29518 | F11: Stated | G11: Typed | H11: Briefer later dates on last couple pages
A12: 1 | B12: 1 | C12: 5 | D12: 5 | E12: 29519 | F12: Stated | G12: Typed | H12: Continues from last page of 10-24-80
A13: 1 | B13: 1 | C13: 1 | D13: 1 | E13: 29520 | F13: Stated | G13: Typed
A14: 1 | B14: 1 | C14: 2 | D14: 2 | E14: 29526 | F14: Stated | G14: Typed
A15: 1 | B15: 1 | C15: 2 | D15: 2 | E15: 29527 | F15: Stated | G15: Typed
A16: 1 | B16: 595 | C16: 634 | D16: 30 | E16: 29528 | F16: Stated | H16: 609-10 , 623-29 lacking
A17: 1 | B17: 656 | C17: 660 | D17: 4 | E17: 29515 | F17: inferred
A18: 1 | B18: 648 | C18: 655 | D18: 8 | E18: 29515 | F18: inferred | H18: "III"
A19: 1 | B19: 661 | C19: 663 | D19: 3 | E19: 29515 | F19: inferred | H19: "IV"
A20: 1 | B20: 685 | C20: 687 | D20: 3 | E20: 29515 | F20: inferred | H20: "V"
A21: 1 | B21: 1 | C21: 6 | D21: 6 | E21: 29532 | F21: Stated | G21: Typed | H21: "VI"
A22: 1 | B22: Addendum 1 | C22: addendum 2 | D22: 2 | E22: 29532 | F22: Stated | G22: Typed
A23: 1 | B23: 1 | C23: 5 | D23: 5 | E23: 29542 | H23: "XV". The 11-17-80 Theophany
A24: 1 | B24: 855 | C24: 858 | D24: 4 | E24: 29556 | F24: inferred | H24: Concludes: "End." Footnote written later than 12-10-1980.
A25: 1 | B25: 1 | C25: 4 | D25: 4 | E25: 29556 | F25: inferred | H25: Footnote to "end" on p.858
A26: 1 | B26: 1 | C26: 2 | D26: 2 | E26: 29549 | F26: stated | G26: typed
A27: 1 | B27: 1 | C27: 7 | D27: 7 | E27: 29593 | F27: stated | G27: Typed
A28: 1 | B28: 688 | C28: 693 | D28: 6 | E28: 29515 | F28: inferred | H28: "VII"
A29: 1 | B29: 707 | C29: 728 | D29: 22 | E29: 29516 | F29: inferred | H29: "VIII". Some page numbers apparently repeated at the beginning of the sequence.
A30: 1 | B30: 743 | C30: 820 | D30: 72 | E30: 29522 | F30: inferred | H30: "IX"; "XI" beginning at p.772; "XII" at 791; "XIII" at 804. Some page numbers apparently skipped in sequence, but text appears uninterrupted.
A31: 1 | B31: nn[1] | C31: nn[5] | D31: 5 | E31: 29541 | F31: stated | G31: typed | H31: "XIV"
A32: 1 | B32: 825 | C32: 829 | D32: 4 | E32: 29541 | F32: inferred
A33: 1 | B33: 835 | C33: 846 | D33: 11 | E33: 29541 | F33: inferred
A34: 1 | B34: 1 | C34: 7 | D34: 7 | E34: 29543 | F34: inferred | H34: "XVII"
A35: 1 | B35: 21 | C35: 27 | D35: 7 | E35: 29544 | F35: inferred
A36: 1 | B36: 23 | C36: 24 | D36: 2 | E36: 29544 | F36: inferred | H36: "XVIII". Overlaps with pagination from 21-27, is this de facto 28-29?
A37: 2 | B37: 1 | C37: 89 | D37: 90 | E37: 28734 | F37: PW | H37: One page number repeated (bu PKD)by mistake.
A38: 3 | B38: 1 | C38: 94 | D38: 88 | E38: 28734 | F38: PW | H38: 41-46 lacking.
A39: 5 | B39: 1 | C39: 11 | D39: 11 | E39: 27452 | F39: Stated | G39: Typed w/handwritten diagram page | H39: Letter to Claudia. Assuming diagram (pdf p11) is the missing p4
A40: 5 | B40: 1 | C40: 1 | D40: 1 | E40: 27455 | F40: Stated | G40: Typed letter to Phylils Boucher.
A41: 5 | B41: 1 | C41: 5 | D41: 5 | E41: 27454 | F41: inferred | H41: "A Light Struck Meadow for Tony Hiss" and 1p note to "Tuffy"
A42: 5 | B42: 1 | C42: 2 | D42: 4 | E42: 27458 | F42: Stated | G42: Typed letter to Claudia | H42: p.1-2, 1-2.
A43: 5 | B43: 1 | C43: 4 | D43: 4 | E43: 27458 | F43: Stated | G43: Typed letter to Ursula
A44: 5 | B44: 1 | C44: 2 | D44: 2 | E44: 27457 | F44: Stated | G44: Typed letter to Dr. Ornstein
A45: 5 | B45: 1 | C45: 2 | D45: 2 | E45: 27454 | F45: Stated | G45: Typed letter to Henry | H45: 2-29-75, i.e. 3/1/75?
A46: 5 | B46: 1 | C46: 4 | D46: 4 | E46: 27454 | F46: inferred | G46: Typed | H46: "Entropy equals disorder"; final page = letter to Claudia
A47: 5 | B47: 1 | C47: 6 | D47: 6 | E47: 27454 | F47: inferred | G47: typed | H47: "The anamnesis phenomenon"; final page = letter to Claudia.
A48: 5 | B48: 1 | C48: 10 | D48: 10 | E48: 27466 | F48: Stated | G48: Typed | H48: "The 'Logos Effect'"; letter to Claudia on final page.
A49: 5 | B49: 1 | C49: 12 + 1 | D49: 13 | E49: 27454 | F49: inferred | G49: Typed | H49: "Jesus spoke of a coming 'Kingship of God'"; final single page "mirror opposite universe"
A50: 5 | B50: 1 | C50: 2 | D50: 2 | E50: 27454 | F50: inferred | G50: typed | H50: "When I look back on those first days"
A51: 5 | B51: 1 | C51: 29 | D51: 29 | E51: 27454 | F51: inferred | G51: Typed | H51: "The band of darkness"
A52: 5 | B52: 1 | C52: 6 | D52: 6 | E52: 27454 | F52: inferred | G52: Typed | H52: "I suddenlys [sic] see it very clearly"
A53: 5 | B53: 1 | C53: 1 | D53: 1 | E53: 27454 | F53: inferred | G53: Typed | H53: "The Neoplatonist structure of Plotinus"
A54: 5 | B54: 7 | C54: 28 | D54: 21 | E54: 27454 | F54: inferred | G54: Typed | H54: "This task has been assigned". May continue "I suddenlys see it" from above.
A55: 5 | B55: 1 | C55: 21 | D55: 21 | E55: 27454 | F55: inferred | G55: Typed | H55: "Our world, an ice world of winter"
A56: 5 | B56: 1 | C56: 3 | D56: 3 | E56: 27454 | F56: inferred | G56: Typed | H56: "Jesus emphasized to the descriples [sic]"
A57: 5 | B57: 1 | C57: 9 | D57: 9 | E57: 27454 | F57: inferred | G57: Typed | H57: "I read now that the Passover"
A58: 5 | B58: 1 | C58: 4 | D58: 4 | E58: 27454 | F58: inferred | G58: Typed | H58: "I just discovered that for 15 months"
A59: 5 | B59: 1 | C59: 11 | D59: 1 | E59: 27454 | F59: inferred | G59: Typed | H59: "The dream in TEARS signifies"
A60: 5 | B60: 1 | C60: 25 | D60: 25 | E60: 27548 | F60: Stated | G60: Typed | H60: year inferred. "Last night (June 2nd)"
A61: 5 | B61: 1 | C61: 5 | D61: 5 | E61: 27546 | F61: inferred | G61: Typed | H61: "The Moth, which in descending"
A62: 5 | B62: 1 | C62: 3 | D62: 3 | E62: 27654 | F62: Stated | G62: Typed letter to Doris
A63: 5 | B63: 1 | C63: 1 + 1 | D63: 2 | E63: 27652 | F63: Stated | G63: Typed letter to Jack | H63: Handwritten sheet may be related to letter, maybe not
A64: 5 | B64: 1 | C64: 2 | E64: 27638 | F64: inferred | G64: Typed | H64: "In all the months since"
A65: 5 | B65: 1 | C65: 3 | D65: 3 | E65: 27454 | F65: inferred | G65: Typed | H65: Repeated text from above. "Jesus emphasized to the descriples [sic]"
A66: 5 | B66: 1 | C66: 3 | D66: 3 | E66: 27454 | F66: inferred | G66: Typed | H66: "The dream in TEARS contains"
A67: 5 | B67: 1 | C67: 2 | D67: 2 | E67: 27454 | F67: inferred | G67: Typed | H67: "The Logos came into our world"
A68: 5 | B68: 1 | C68: 3 | D68: 3 | E68: 27668 | F68: inferred | H68: "The money, 'cabillaro' dream"
A69: 5 | B69: 1 | C69: 2 | D69: 2 | E69: 27703 | F69: Stated | G69: Typed | H69: Letter to Gene Savoy
A70: 5 | B70: 1 | C70: 1 | D70: 2 | E70: 27699 | F70: inferred | G70: typed | H70: "Watching the TV program about Dietrich Bonhoffer" (repeated twice)
A71: 5 | B71: 1 | C71: 18 | D71: 18 | E71: 27699 | F71: inferred | G71: typed | H71: "There is an implication"
A72: 5 | B72: 1 | C72: 16 | D72: 16 | E72: 27729 | F72: inferred | G72: typed | H72: "The three lights coming on"
A73: 5 | B73: 1 | C73: 7 | D73: 7 | E73: 27760 | F73: inferred | G73: typed | H73: "The one melancholy aspect"
A74: 5 | B74: 1 | C74: 1 | D74: 1 | E74: 27791 | F74: inferred | G74: typed | H74: "But subjectively speaking"
A75: 5 | B75: 1 | C75: 6 | D75: 5 | E75: 27820 | F75: inferred | G75: typed | H75: "Augustine says that at the Parousia". P3 lacking or enumeration skipped.
A76: 5 | B76: 1 | C76: 2 | D76: 2 | E76: 27851 | F76: inferred | G76: typed | H76: "Afterword"
A77: 5 | B77: 1 | C77: 9 + 1 | D77: 10 | E77: 27891 | F77: inferred | G77: typed | H77: "Holy spirit -- born from above"
A78: 5 | B78: 1 | C78: 4 | D78: 4 | E78: 28015 | F78: Stated | G78: typed letter to Dorothy
A79: 5 | B79: 1 | C79: 2 | D79: 2 | E79: 28018 | F79: Stated | G79: typed letter to Dorothy
A80: 5 | B80: 1 | C80: 9 | D80: 9 | E80: 28004 | F80: inferred | G80: typed | H80: "I had the most extraordinary dream"
A81: 5 | B81: 1 | C81: 6 | D81: 6 | E81: 28004 | F81: inferred | G81: Typed | H81: "I have come up with a new theory to explain"
A82: 5 | B82: 1 | C82: 2 | D82: 2 | E82: 28004 | F82: inferred | H82: "For God did not make death"
A83: 5 | B83: 1 | C83: 5 | D83: 3 | E83: 28004 | F83: inferred | G83: Typed | H83: "All those written pages". 3-4 lacking or enumeration skipped.
A84: 5 | B84: 1 | C84: 1 | D84: 1 | E84: 27454 | F84: inferred | G84: Typed | H84: "The Logos came into our world" (repeated from above?)
A85: 5 | B85: 1 | C85: 3 | D85: 3 | E85: 27454 | F85: inferred | G85: Typed | H85: "The dream in TEARS contains" (repeated from above)
A86: 6 | B86: 1 | C86: 72 | E86: 28856 | F86: inferred/PJ-JL | H86: "So the inner-outer clock time". Mentions "nearly 5 years"
A87: 8 | B87: 1 | C87: 26 | D87: 26 | E87: 28856 | F87: inferred/PJ-JL | H87: "regarding the invading entity". Mentions "almost 5 years now"
A88: 9 | B88: 1 | C88: 6 | D88: 6 | E88: 1978-12 | F88: inferred/PJ-JL | H88: "Fat later developed"
A89: 9 | B89: 1 | C89: 70 | D89: 70 | E89: 1978-12 | F89: inferred | H89: "In 3-74 that which was in me"
A90: 10 | B90: nn[1] | C90: nn[2] | D90: 2 | E90: 28887 | F90: inferred/PJ-JL | H90: "Halving" (PW placed this in sequence with third section of 10 below)
A91: 10 | B91: 1 | C91: 3 | D91: 3 | E91: 28887 | F91: inferred/PJ-JL | H91: "The incarnation was a revolt" (PW placed this before the rest of the folder, with "halving" as p.1). P. numbered 47 contains date information.
A92: 10 | B92: 1 | C92: 101 | D92: 110 | E92: 28887 | F92: inferred/PJ-JL | H92: Some numbering irregularities.
A93: 11 | B93: 1 | C93: 87 | D93: 86 | E93: 1978-12 | F93: PJ-JL | H93: "Hypnagogic thought: Zebra". P24 lacking, probably just skipped in enumeration.
A94: 12 | B94: 1 | C94: 30 | D94: 30
A95: 13 | B95: 1 | C95: 50 + 3 | D95: 54 | E95: 1979 (early) | F95: PJ-JL
A96: 14 | B96: 1 | C96: 127 | D96: 128 | E96: Mar-Apr 1978 | F96: PJ-JL | H96: p.52 repeated in enumeration
A97: 15 | B97: 1 | C97: 149 | D97: 146 | E97: 28611 | F97: PJ-JL | H97: 76-78 lacking or skipped in enumeration
A98: 16 | B98: 1 | C98: 115 | D98: 116 | E98: Jun-Jul 1978 | F98: PJ-JL | H98: 57 repeated in enumeration
A99: 20 | B99: 1 | C99: 1 | D99: 1 | E99: Oct 10 1978 | F99: stated | G99: typed
A100: 20 | B100: 1 | C100: 52 | D100: 52 | E100: 28399 | F100: inferred/PJ-JL | H100: PW calls for an additional 29 pages of this sequence.
...

Sheet Folder ordering
A1: Earliest date | B1: latest date | C1: Folder number | D1: Proposed new ordering number
A2: ='Folder pagecounts and compariso'!F70 -> 1 | B2: ='Folder pagecounts and compariso'!G70 -> 2 | C2: ='Folder pagecounts and compariso'!A70 -> 51 | D2: 0 | E2: Missing from scans. PW notes not part of Exegesis.
A3: ='Folder pagecounts and compariso'!F59 -> 27061 | B3: ='Folder pagecounts and compariso'!G59 -> 27759 | C3: ='Folder pagecounts and compariso'!A59 -> 4 | D3: 1 | E3: Missing from scans.
A4: ='Folder pagecounts and compariso'!F5 -> 27452 | B4: ='Folder pagecounts and compariso'!G5 -> 28033 | C4: ='Folder pagecounts and compariso'!A5 -> 5 | D4: 2
A5: ='Folder pagecounts and compariso'!F92 -> 27760 | B5: ='Folder pagecounts and compariso'!G92 -> 28490 | C5: ='Folder pagecounts and compariso'!A92 -> 86 | D5: 3 | E5: Missing from scans.
A6: ='Folder pagecounts and compariso'!F64 -> 28065 | B6: ='Folder pagecounts and compariso'!G64 -> 28125 | C6: ='Folder pagecounts and compariso'!A64 -> 23 | D6: 4 | E6: Missing from scans.
A7: ='Folder pagecounts and compariso'!F19 -> 28126 | B7: ='Folder pagecounts and compariso'!G19 -> 28156 | C7: ='Folder pagecounts and compariso'!A19 -> 24 | D7: 5
A8: ='Folder pagecounts and compariso'!F20 -> 28127 | B8: ='Folder pagecounts and compariso'!G20 -> 28184 | C8: ='Folder pagecounts and compariso'!A20 -> 25 | D8: 6
A9: ='Folder pagecounts and compariso'!F21 -> 28157 | B9: ='Folder pagecounts and compariso'!G21 -> 28184 | C9: ='Folder pagecounts and compariso'!A21 -> 26 | D9: 7
A10: ='Folder pagecounts and compariso'!F22 -> 28185 | B10: ='Folder pagecounts and compariso'!G22 -> 28215 | C10: ='Folder pagecounts and compariso'!A22 -> 27 | D10: 8
A11: ='Folder pagecounts and compariso'!F29 -> 28277 | B11: ='Folder pagecounts and compariso'!G29 -> 28306 | C11: ='Folder pagecounts and compariso'!A29 -> 34 | D11: 9
A12: ='Folder pagecounts and compariso'!F30 -> 28307 | B12: ='Folder pagecounts and compariso'!G30 -> 28337 | C12: ='Folder pagecounts and compariso'!A30 -> 35 | D12: 10
A13: ='Folder pagecounts and compariso'!F28 -> 28338 | B13: ='Folder pagecounts and compariso'!G28 -> 28368 | C13: ='Folder pagecounts and compariso'!A28 -> 33 | D13: 11
A14: ='Folder pagecounts and compariso'!F31 -> 28338 | B14: ='Folder pagecounts and compariso'!G31 -> 28369 | C14: ='Folder pagecounts and compariso'!A31 -> 36 | D14: 12
A15: ='Folder pagecounts and compariso'!F26 -> 28399 | B15: ='Folder pagecounts and compariso'!G26 -> 28429 | C15: ='Folder pagecounts and compariso'!A26 -> 31 | D15: 13
A16: ='Folder pagecounts and compariso'!F34 -> 28399 | B16: ='Folder pagecounts and compariso'!G34 -> 28429 | C16: ='Folder pagecounts and compariso'!A34 -> 40 | D16: 14
A17: ='Folder pagecounts and compariso'!F27 -> 28448 | B17: ='Folder pagecounts and compariso'!G27 -> 28448 | C17: ='Folder pagecounts and compariso'!A27 -> 32 | D17: 15
A18: ='Folder pagecounts and compariso'!F25 -> 28491 | B18: ='Folder pagecounts and compariso'!G25 -> 28640 | C18: ='Folder pagecounts and compariso'!A25 -> 30 | D18: 16
A19: ='Folder pagecounts and compariso'!F40 -> 28491 | B19: ='Folder pagecounts and compariso'!G40 -> 28521 | C19: ='Folder pagecounts and compariso'!A40 -> 50 | D19: 17
A20: ='Folder pagecounts and compariso'!F46 -> 28513 | B20: ='Folder pagecounts and compariso'!G46 -> 28513 | C20: ='Folder pagecounts and compariso'!A46 -> 58 | D20: 18
A21: ='Folder pagecounts and compariso'!F23 -> 28522 | B21: ='Folder pagecounts and compariso'!G23 -> 28549 | C21: ='Folder pagecounts and compariso'!A23 -> 28 | D21: 19
A22: ='Folder pagecounts and compariso'!F13 -> 28550 | B22: ='Folder pagecounts and compariso'!G13 -> 28610 | C22: ='Folder pagecounts and compariso'!A13 -> 14 | D22: 20
A23: ='Folder pagecounts and compariso'!F24 -> 28550 | B23: ='Folder pagecounts and compariso'!G24 -> 28579 | C23: ='Folder pagecounts and compariso'!A24 -> 29 | D23: 21
A24: ='Folder pagecounts and compariso'!F61 -> 28581 | B24: ='Folder pagecounts and compariso'!G61 -> 28671 | C24: ='Folder pagecounts and compariso'!A61 -> 17 | D24: 22 | E24: Missing from scans.
A25: ='Folder pagecounts and compariso'!F71 -> 28581 | B25: ='Folder pagecounts and compariso'!G71 -> 28610 | C25: ='Folder pagecounts and compariso'!A71 -> 52 | D25: 23 | E25: Missing from scans.
A26: ='Folder pagecounts and compariso'!F14 -> 28611 | B26: ='Folder pagecounts and compariso'!G14 -> 28641 | C26: ='Folder pagecounts and compariso'!A14 -> 15 | D26: 24
A27: ='Folder pagecounts and compariso'!F15 -> 28642 | B27: ='Folder pagecounts and compariso'!G15 -> 28701 | C27: ='Folder pagecounts and compariso'!A15 -> 16 | D27: 25
A28: ='Folder pagecounts and compariso'!F32 -> 28703 | B28: ='Folder pagecounts and compariso'!G32 -> 28733 | C28: ='Folder pagecounts and compariso'!A32 -> 38 | D28: 26
A29: ='Folder pagecounts and compariso'!F62 -> 28703 | B29: ='Folder pagecounts and compariso'!G62 -> 28733 | C29: ='Folder pagecounts and compariso'!A62 -> 18 | D29: 27 | E29: Missing from scans.
A30: ='Folder pagecounts and compariso'!F3 -> 28734 | B30: ='Folder pagecounts and compariso'!G3 -> 28763 | C30: ='Folder pagecounts and compariso'!A3 -> 2 | D30: 28
A31: ='Folder pagecounts and compariso'!F4 -> 28734 | B31: ='Folder pagecounts and compariso'!G4 -> 28763 | C31: ='Folder pagecounts and compariso'!A4 -> 3 | D31: 29
A32: ='Folder pagecounts and compariso'!F63 -> 28734 | B32: ='Folder pagecounts and compariso'!G63 -> 28794 | C32: ='Folder pagecounts and compariso'!A63 -> 19 | D32: 30 | E32: Missing from scans.
A33: ='Folder pagecounts and compariso'!F18 -> 28764 | B33: ='Folder pagecounts and compariso'!G18 -> 28824 | C33: ='Folder pagecounts and compariso'!A18 -> 22 | D33: 31
A34: ='Folder pagecounts and compariso'!F16 -> 1978-10 | B34: ='Folder pagecounts and compariso'!G16 -> 1978-10 | C34: ='Folder pagecounts and compariso'!A16 -> 20 | D34: 32
A35: ='Folder pagecounts and compariso'!F17 -> 10-18-19771 | B35: ='Folder pagecounts and compariso'!G17 -> 10-18-19771 | C35: ='Folder pagecounts and compariso'!A17 -> 21 | D35: 33
A36: ='Folder pagecounts and compariso'!F8 -> 28825 | B36: ='Folder pagecounts and compariso'!G8 -> 28855 | C36: ='Folder pagecounts and compariso'!A8 -> 9 | D36: 34
A37: ='Folder pagecounts and compariso'!F10 -> 28825 | B37: ='Folder pagecounts and compariso'!G10 -> 28855 | C37: ='Folder pagecounts and compariso'!A10 -> 11 | D37: 35
A38: ='Folder pagecounts and compariso'!F6 -> 28856 | B38: ='Folder pagecounts and compariso'!G6 -> 28886 | C38: ='Folder pagecounts and compariso'!A6 -> 6 | D38: 36
A39: ='Folder pagecounts and compariso'!F7 -> 28856 | B39: ='Folder pagecounts and compariso'!G7 -> 28886 | C39: ='Folder pagecounts and compariso'!A7 -> 8 | D39: 37
A40: ='Folder pagecounts and compariso'!F12 -> 1979-01 | B40: ='Folder pagecounts and compariso'!G12 -> 1979-04 | C40: ='Folder pagecounts and compariso'!A12 -> 13 | D40: 38
A41: ='Folder pagecounts and compariso'!F9 -> 28887 | B41: ='Folder pagecounts and compariso'!G9 -> 28914 | C41: ='Folder pagecounts and compariso'!A9 -> 10 | D41: 39
A42: ='Folder pagecounts and compariso'!F33 -> 28915 | B42: ='Folder pagecounts and compariso'!G33 -> 28945 | C42: ='Folder pagecounts and compariso'!A33 -> 39 | D42: 40
A43: ='Folder pagecounts and compariso'!F66 -> 28856 | B43: ='Folder pagecounts and compariso'!G66 -> 29220 | C43: ='Folder pagecounts and compariso'!A66 -> 41 | D43: 41 | E43: Missing from scans.
A44: ='Folder pagecounts and compariso'!F67 -> 28856 | B44: ='Folder pagecounts and compariso'!G67 -> 29220 | C44: ='Folder pagecounts and compariso'!A67 -> 42 | D44: 42 | E44: Missing from scans.
A45: ='Folder pagecounts and compariso'!F68 -> 28856 | B45: ='Folder pagecounts and compariso'!G68 -> 29220 | C45: ='Folder pagecounts and compariso'!A68 -> 43 | D45: 43 | E45: Missing from scans.
A46: ='Folder pagecounts and compariso'!F35 -> 28856 | B46: ='Folder pagecounts and compariso'!G35 -> 29220 | C46: ='Folder pagecounts and compariso'!A35 -> 44 | D46: 44
A47: ='Folder pagecounts and compariso'!F36 -> 28856 | B47: ='Folder pagecounts and compariso'!G36 -> 29220 | C47: ='Folder pagecounts and compariso'!A36 -> 45 | D47: 45
A48: ='Folder pagecounts and compariso'!F37 -> 28856 | B48: ='Folder pagecounts and compariso'!G37 -> 29220 | C48: ='Folder pagecounts and compariso'!A37 -> 46 | D48: 46
A49: ='Folder pagecounts and compariso'!F69 -> 29129 | B49: ='Folder pagecounts and compariso'!G69 -> 29189 | C49: ='Folder pagecounts and compariso'!A69 -> 47 | D49: 47 | E49: Missing from scans.
A50: ='Folder pagecounts and compariso'!F38 -> 28856 | B50: ='Folder pagecounts and compariso'!G38 -> 29220 | C50: ='Folder pagecounts and compariso'!A38 -> 48 | D50: 48
A51: ='Folder pagecounts and compariso'!F39 -> 29221 | B51: ='Folder pagecounts and compariso'!G39 -> 29251 | C51: ='Folder pagecounts and compariso'!A39 -> 49 | D51: 49
A52: ='Folder pagecounts and compariso'!F51 -> 29250 | B52: ='Folder pagecounts and compariso'!G51 -> 29338 | C52: ='Folder pagecounts and compariso'!A51 -> 82 | D52: 50
A53: ='Folder pagecounts and compariso'!F52 -> 29376 | B53: ='Folder pagecounts and compariso'!G52 -> 29494 | C53: ='Folder pagecounts and compariso'!A52 -> 83 | D53: 51
A54: ='Folder pagecounts and compariso'!F2 -> 29512 | B54: ='Folder pagecounts and compariso'!G2 -> 29593 | C54: ='Folder pagecounts and compariso'!A2 -> 1 | D54: 52
A55: ='Folder pagecounts and compariso'!F55 -> 29526 | B55: ='Folder pagecounts and compariso'!G55 -> 29581 | C55: ='Folder pagecounts and compariso'!A55 -> 88 | D55: 53
A56: ='Folder pagecounts and compariso'!F54 -> 29542 | B56: ='Folder pagecounts and compariso'!G54 -> 29563 | C56: ='Folder pagecounts and compariso'!A54 -> 87 | D56: 54
A57: ='Folder pagecounts and compariso'!F84 -> 29556 | B57: ='Folder pagecounts and compariso'!G84 -> 29588 | C57: ='Folder pagecounts and compariso'!A84 -> 74 | D57: 55 | E57: Missing from scans.
A58: ='Folder pagecounts and compariso'!F91 -> 29556 | B58: ='Folder pagecounts and compariso'!G91 -> 29586 | C58: ='Folder pagecounts and compariso'!A91 -> 85 | D58: 56 | E58: Missing from scans.
A59: ='Folder pagecounts and compariso'!F56 -> 29584 | B59: ='Folder pagecounts and compariso'!G56 -> 29706 | C59: ='Folder pagecounts and compariso'!A56 -> 89 | D59: 57
A60: ='Folder pagecounts and compariso'!F72 -> 29587 | B60: ='Folder pagecounts and compariso'!G72 -> 29706 | C60: ='Folder pagecounts and compariso'!A72 -> 59 | D60: 58 | E60: Missing from scans.
A61: ='Folder pagecounts and compariso'!F73 -> 29588 | B61: ='Folder pagecounts and compariso'!G73 -> 29706 | C61: ='Folder pagecounts and compariso'!A73 -> 60 | D61: 59 | E61: Missing from scans.
A62: ='Folder pagecounts and compariso'!F85 -> 29589 | B62: ='Folder pagecounts and compariso'!G85 -> 29706 | C62: ='Folder pagecounts and compariso'!A85 -> 75 | D62: 60 | E62: Missing from scans.
A63: ='Folder pagecounts and compariso'!F86 -> 29590 | B63: ='Folder pagecounts and compariso'!G86 -> 29706 | C63: ='Folder pagecounts and compariso'!A86 -> 76 | D63: 61 | E63: Missing from scans.
A64: ='Folder pagecounts and compariso'!F87 -> 29592 | B64: ='Folder pagecounts and compariso'!G87 -> 29706 | C64: ='Folder pagecounts and compariso'!A87 -> 77 | D64: 62 | E64: Missing from scans.
A65: ='Folder pagecounts and compariso'!F53 -> 29677 | B65: ='Folder pagecounts and compariso'!G53 -> 29696 | C65: ='Folder pagecounts and compariso'!A53 -> 84 | D65: 63 | E65: Some 1980 material mixed in.
A66: ='Folder pagecounts and compariso'!F75 -> 29677 | B66: ='Folder pagecounts and compariso'!G75 -> 29706 | C66: ='Folder pagecounts and compariso'!A75 -> 65 | D66: 64 | E66: Missing from scans.
A67: ='Folder pagecounts and compariso'!F76 -> 29678 | B67: ='Folder pagecounts and compariso'!G76 -> 29736 | C67: ='Folder pagecounts and compariso'!A76 -> 66 | D67: 65 | E67: Missing from scans.
A68: ='Folder pagecounts and compariso'!F57 -> 29692 | B68: ='Folder pagecounts and compariso'!G57 -> 29706 | C68: ='Folder pagecounts and compariso'!A57 -> 90 | D68: 66
A69: ='Folder pagecounts and compariso'!F88 -> 29707 | B69: ='Folder pagecounts and compariso'!G88 -> 29736 | C69: ='Folder pagecounts and compariso'!A88 -> 78 | D69: 67 | E69: Missing from scans.
A70: ='Folder pagecounts and compariso'!F89 -> 29707 | B70: ='Folder pagecounts and compariso'!G89 -> 29736 | C70: ='Folder pagecounts and compariso'!A89 -> 79 | D70: 68 | E70: Missing from scans.
A71: ='Folder pagecounts and compariso'!F50 -> 29738 | B71: ='Folder pagecounts and compariso'!G50 -> 29767 | C71: ='Folder pagecounts and compariso'!A50 -> 81 | D71: 69
A72: ='Folder pagecounts and compariso'!F58 -> 29738 | B72: ='Folder pagecounts and compariso'!G58 -> 29767 | C72: ='Folder pagecounts and compariso'!A58 -> 91 | D72: 70
A73: ='Folder pagecounts and compariso'!F81 -> 29738 | B73: ='Folder pagecounts and compariso'!G81 -> 29767 | C73: ='Folder pagecounts and compariso'!A81 -> 71 | D73: 71 | E73: Missing from scans.
A74: ='Folder pagecounts and compariso'!F90 -> 29738 | B74: ='Folder pagecounts and compariso'!G90 -> 29767 | C74: ='Folder pagecounts and compariso'!A90 -> 80 | D74: 72 | E74: Missing from scans.
A75: ='Folder pagecounts and compariso'!F82 -> 29739 | B75: ='Folder pagecounts and compariso'!G82 -> 29797 | C75: ='Folder pagecounts and compariso'!A82 -> 72 | D75: 73 | E75: Missing from scans.
A76: ='Folder pagecounts and compariso'!F83 -> 29740 | B76: ='Folder pagecounts and compariso'!G83 -> 29951 | C76: ='Folder pagecounts and compariso'!A83 -> 73 | D76: 74 | E76: Missing from scans.
A77: ='Folder pagecounts and compariso'!F74 -> 29799 | B77: ='Folder pagecounts and compariso'!G74 -> 29951 | C77: ='Folder pagecounts and compariso'!A74 -> 61 | D77: 75 | E77: Missing from scans.
A78: ='Folder pagecounts and compariso'!F44 -> 29816 | B78: ='Folder pagecounts and compariso'!G44 -> 30000 | C78: ='Folder pagecounts and compariso'!A44 -> 56 | D78: 76 | E78: Scanned but missing from Zebrapedia
A79: ='Folder pagecounts and compariso'!F47 -> 29830 | B79: ='Folder pagecounts and compariso'!G47 -> 29859 | C79: ='Folder pagecounts and compariso'!A47 -> 62 | D79: 77
A80: ='Folder pagecounts and compariso'!F43 -> 29921 | B80: ='Folder pagecounts and compariso'!G43 -> 30000 | C80: ='Folder pagecounts and compariso'!A43 -> 55 | D80: 78
A81: ='Folder pagecounts and compariso'!F45 -> 29921 | B81: ='Folder pagecounts and compariso'!G45 -> 30000 | C81: ='Folder pagecounts and compariso'!A45 -> 57 | D81: 79
A82: ='Folder pagecounts and compariso'!F48 -> 29921 | B82: ='Folder pagecounts and compariso'!G48 -> 30000 | C82: ='Folder pagecounts and compariso'!A48 -> 63 | D82: 80
A83: ='Folder pagecounts and compariso'!F77 -> 29921 | B83: ='Folder pagecounts and compariso'!G77 -> 29951 | C83: ='Folder pagecounts and compariso'!A77 -> 67 | D83: 81 | E83: Missing from scans.
A84: ='Folder pagecounts and compariso'!F78 -> 29921 | B84: ='Folder pagecounts and compariso'!G78 -> 29951 | C84: ='Folder pagecounts and compariso'!A78 -> 68 | D84: 82 | E84: Missing from scans.
A85: ='Folder pagecounts and compariso'!F79 -> 29921 | B85: ='Folder pagecounts and compariso'!G79 -> 29951 | C85: ='Folder pagecounts and compariso'!A79 -> 69 | D85: 83 | E85: Missing from scans.
A86: ='Folder pagecounts and compariso'!F80 -> 29921 | B86: ='Folder pagecounts and compariso'!G80 -> 30000 | C86: ='Folder pagecounts and compariso'!A80 -> 70 | D86: 84 | E86: Missing from scans.
A87: ='Folder pagecounts and compariso'!F49 -> 29922 | B87: ='Folder pagecounts and compariso'!G49 -> 30000 | C87: ='Folder pagecounts and compariso'!A49 -> 64 | D87: 85
A88: ='Folder pagecounts and compariso'!F41 -> 29952 | B88: ='Folder pagecounts and compariso'!G41 -> 29982 | C88: ='Folder pagecounts and compariso'!A41 -> 53 | D88: 86
A89: ='Folder pagecounts and compariso'!F42 -> 29983 | B89: ='Folder pagecounts and compariso'!G42 -> 30000 | C89: ='Folder pagecounts and compariso'!A42 -> 54 | D89: 87 | E89: Scan present locally, missing from Zebrapedia
A90: ='Folder pagecounts and compariso'!F60 -> ?? | B90: ='Folder pagecounts and compariso'!G60 -> ?? | C90: ='Folder pagecounts and compariso'!A60 -> 7 | D90: 88 | E90: Missing from scans.
A91: ='Folder pagecounts and compariso'!F65 -> ?? | B91: ='Folder pagecounts and compariso'!G65 -> ?? | C91: ='Folder pagecounts and compariso'!A65 -> 37 | D91: 89 | E91: Missing from scans.
A92: ='Folder pagecounts and compariso'!F11 -> ?? | B92: ='Folder pagecounts and compariso'!G11 -> ?? | C92: ='Folder pagecounts and compariso'!A11 -> 12 | D92: 90

Sheet Sutin rundown
A1: Chapter | B1: Entry | C1: Sentence-open | D1: Sentence-close | E1: Sutin date | F1: Sutin page range | G1: Zebrapedia folder | H1: Zebpraedia start page
A2: 1 | B2: 1 | C2: The best psychiatrist I ever saw | D2: Out of memory. | E2: 27211 | F2: 1-20. | G2: 4 | H2: 42
A3: 1 | B3: 2 | C3: I awoke abruptly to find | D3: The summertime to greet | E3: 1975 | F3: 20-21. | G3: 5 | H3: 65
A4: 1 | B4: 3 | C4: One could assume, I guess, that the divine seed | D4: the progeny: Helen of Troy | E4: 1975 | F4: 21-23. | G4: 5 | H4: 71
A5: 1 | B5: 4 | C5: Every time in my life that I've heard the spirit | D5: Next step upward in human evolution?) Maybe so. | E5: 1975 | F5: 23-24. | G5: 5 | H5: 132
A6: 1 | B6: 5 | C6: Last night (June 2nd) I had a blissful truly | D6: a long way to go, yet | E6: 27548 | F6: 24-31. | G6: 5 | H6: 172
A7: 1 | B7: 6 | C7: Mark 4:11 says that the parables were intended | D7: Heraclitus says the Logos can be heard. My goodness. | E7: 1975 | F7: 31-32 | G7: 5 | H7: 231
A8: 1 | B8: 7 | C8: I am thinking back. Sitting with my eyes shut | D8: "We shall be like him" 1 JN 3:2 | E8: 1977 | F8: 32-34. | G8: 50 | H8: 16
A9: 1 | B9: 8 | C9: Pain is the good which most effectively | D9: and painful it is always good | E9: 1978 | F9: 34-35 | G9: 11 | H9: 31
A10: 1 | B10: 9 | C10: Oh God, I am so weary of this lonely world | D10: Klingsor & his castle of iron. Libera me, Domine! | E10: 28672 | F10: 35 | G10: 16 | H10: 9
A11: 1 | B11: 10 | C11: Yes, it was a mercy to me | D11: Or it all falls. I think it stands | E11: 1978 | F11: 35-38. | G11: 18 | H11: 25
A12: 1 | B12: 11 | C12: Consider what the Ai voice has said recently | D12: I have every reason to believe he picked me | E12: 1978 | F12: 38-39. | G12: 20 | H12: 75
A13: 1 | B13: 12 | C13: Well, thinking this, about how Zoroastrianism | D13: free way of being, & progressively more so | E13: 1978 | F13: 39-41. | G13: 39 | H13: 37
A14: 1 | B14: 13 | C14: Dream: I am Jerry Lewis | D14: The dying leader and his loyal troops | E14: 1979 | F14: 41 | G14: 42 | H14: 39
A15: 1 | B15: 14 | C15: What does it mean -- how can it be | D15: Und wo? & wie? Die zeit ist heir! | E15: 1979 | F15: 41-42 | G15: 41 | H15: 52
A16: 1 | B16: 15 | C16: How can I ascertain my role? | D16: God by ritual identification. Christ, obviously | E16: 1979 | F16: 42-43 | G16: 45 | H16: 203
A17: 1 | B17: 16 | C17: All I really know is that there is another mind | D17: a macro-mind that can cause to be whatever he wishes | E17: 1979 | F17: 43-44 | J17: Unlocated
A18: 1 | B18: 17 | C18: It really does not make sense to say | D18: I saw with the ajna eye | E18: 1979 | F18: 44-45. | G18: 49 | H18: 163
A19: 1 | B19: 18 | C19: God manifested himself to me as the infinite void | D19: Play again. I am waiting. | E19: 29542 | F19: 45-51. | G19: 1 | H19: 156
A20: 1 | B20: 19 | C20: God said that I couldn't know with certainty | D20: not conclusive but they are compelling | E20: 29549 | F20: 51-53 | G20: 1 | H20: 169
A21: 1 | B21: 20 | C21: So satan served me up a sophisticated world | D21: But someday it will end. END | E21: 29557 | F21: 53-57 | G21: 1 | H21: 161
A22: 1 | B22: 21 | C22: Footnote. My flight expressed | D22: first heard the Ai voice. 35 years! | E22: 29565 | F22: 59-62. | G22: 1 | H22: 165
A23: 2 | B23: 1 | C23: In Ubik the forward moving force | D23: It looked out and saw itself | E23: 1974 | F23: 63-67 | G23: 4 | H23: 1
A24: 2 | B24: 2 | C24: My whole God is identified with a vitalizing | D24: Orphic: rebirth. Rejuvenation (eternal life) | E24: 1975 | F24: 67-70 | G24: 5 | H24: 77
A25: 2 | B25: 3 | C25: A searingly important realization | D25: Which I knew nothing about, when I wrote them | E25: 1977 | F25: 70-71 | G25: 50 | H25: 99
A26: 2 | B26: 4 | C26: If there is, as the Gnostics believe, a blind | D26: the BIP is dead & rigid & mnotonous & simple | E26: 1978 | F26: 71-72 | G26: 9 | H26: 25
A27: 2 | B27: 5 | C27: Definition of what I experienced in 3-74: ZEBRA | D27: from info by Valis' perfect memory | E27: 1978 | F27: 72 | J27: Unlocated
A28: 2 | B28: 6 | C28: Here is a modified, more precise model | D28: with them. 2 points of overlap. | E28: 1978 | F28: 73-74 | G28: 14 | H28: 31
A29: 2 | B29: 7 | C29: Stigmata portrays the arrogant one | D29: the heroic deed(s) done, the PTG). | E29: 1978 | F29: 75-76 | G29: 14 | H29: 45
A30: 2 | B30: 8 | C30: By the very nature it is deus absconditus | D30: I did know-- I did understand | E30: 1978 | F30: 76-77 | G30: 24 | H30: 88 | I30: Ecce Deum drawing
A31: 2 | B31: 9 | C31: K. W. has noted a resemblance between | D31: Burroughs' novel is relaetd to Ubik and Stigmata via the 3-74 experience | E31: 1978 | F31: 77-78 | G31: 29 | H31: 10
A32: 2 | B32: 10 | C32: The criminal virus controls by occluding | D32: i.e., immortality is possible | E32: 1978 | F32: 79 | G32: 28 | H32: 10 | I32: Criminal Virus drawings
A33: 2 | B33: 11 | C33: Zebra is the supreme deity & savior-messenger | D33: trashy form, like in Ubik | E33: 1978 | F33: 79 | G33: 21 | H33: 43
A34: 2 | B34: 12 | C34: Something ("Y") is recognized | D34: offshoot I passed over into paradise | E34: 1978 | F34: 79-80 | G34: 22 | H34: 63
A35: 2 | B35: 13 | C35: It can be said that the yin part "hatched" | D35: latter is alien to the N.T. God | E35: 1978 | F35: 80-81 | G35: 38 | H35: 64
A36: 2 | B36: 14 | C36: My life has divided this way | D36: Thus I returned to God & entered the Kingdom | E36: 1978 | F36: 81 | G36: 21 | H36: 46
A37: 2 | B37: 15 | C37: In schizophrenia the synchronization of inner | D37: received, since it is God himself | E37: 1978 | F37: 81-82 | G37: 21 | H37: 137
A38: 2 | B38: 16 | C38: Tears showed I had vestigal memories before | D38: Can the Black Iron world come back? | E38: 1978 | F38: 82-83 | G38: 24 | H38: 47
A39: 2 | B39: 17 | C39: The creator can afford to descend | D39: patron God of small trapped animals | E39: 1978 | F39: 83-85 | G39: 21 | H39: 2
A40: 2 | B40: 18 | C40: Kerygma understood as of October 18 1978 | D40: Original early Christian disciples are still alive | E40: 28781 | F40: 85-87 | G40: 21 | H40: 1
A41: 2 | B41: 19 | C41: A revised (?) theory as to who-what Zebra is | D41: Thus God speaks to us by our right hemispheres | E41: 28795 | F41: 87-89 | G41: 22 | H41: 87
A42: 2 | B42: 20 | C42: "Jesus Christ" is a code name for this rational | D42: older than the original self | E42: 1979 | F42: 89-90 | G42: 42 | H42: 6
A43: 2 | B43: 21 | C43: So irreality & perturbation are the two | D43: logically can it be all three? Well, it is) | E43: 1979 | F43: 90-91 | G43: 43 | H43: 84
A44: 2 | B44: 22 | C44: Plundering the antecedent universe as stockpile | D44: against all normal (usual) perception | E44: 1979 | F44: 91-93 | G44: 45 | H44: 142
A45: 2 | B45: 23 | C45: On the journey of the soul | D45: psychosis, must be regarded as weak | E45: 1979 | F45: 93-98 | G45: 85 | H45: 67
A46: 2 | B46: 24 | C46: Two systems of information intersecting one | D46: Ubik; and it is true | E46: 29140 | F46: 98-100 | G46: 47 | H46: 17
A47: 2 | B47: 25 | C47: The secret: is to view something "from the other | D47: blind you as does the "is" | E47: 1980 | F47: 100-101 | G47: 1 | H47: 23
A48: 2 | B48: 26 | C48: Plato specifically says that it is by anamnesis | E48: 1980 | F48: 101-102 | G48: 1 | H48: 29
A49: 2 | B49: 27 | C49: The (golden) fish sign causes you to remember | D49: you are not of this world | E49: 1980 | F49: 102-103 | G49: 83 | H49: 111
A50: 2 | B50: 28 | C50: Here is the puzzle of Valis | D50: At least not until we wake up | E50: 1980 | F50: 103-104 | G50: 84 | H50: 8
A51: 2 | B51: 29 | C51: God: a principle of selection that promotes design | D51: The two are the same | E51: 29376 | F51: 104 | G51: 83 | H51: 1
A52: 2 | B52: 30 | C52: Sequence: Anamnesis due to external | D52: That's how I feel about them, in a way | E52: 29513 | F52: 104-107 | G52: 1 | H52: 45
A53: 2 | B53: 31 | C53: I have the ingredients for an original system | D53: eidos must be. This is my task | E53: 29518 | F53: 107-112 | G53: 1 | H53: 81
A54: 2 | B54: 32 | C54: I was gazing at Harvey tonight | D54: how the superimposition works | E54: 29520 | F54: 112-113 | G54: 1 | H54: 92
A55: 2 | B55: 33 | C55: I just had this insight. However vivid | D55: in order to communciate to me | E55: 29571 | F55: 113-114 | G55: 84 | H55: 9
A56: 2 | B56: 34 | C56: So you have the granting of the apocalyptic | D56: promise, on the part of God | E56: 29587 | F56: 115-116 | G56: 84 | H56: 10
A57: 2 | B57: 35 | C57: So the truly ultimate solution | D57: i.e, sanity at last | E57: 1981 | F57: 116-117 | G57: 53 | H57: 82
A58: 2 | B58: 36 | C58: Tug. Valence, the way. Influence on the reality field | D58: heaven fills up the empty | E58: 1981 | F58: 117-118 | G58: 79 | H58: 108
A59: 2 | B59: 37 | C59: I have been searching all my life for the benchmarks of God | D59: "move" faster than what it controls | E59: 1981 | F59: 118-119 | G59: 91 | H59: 155
A60: 2 | B60: 38 | C60: The term -- the concept-- Ditheon | D60: fields both share, both report | E60: 29748 | F60: 119-121 | G60: 91 | H60: 133
A61: 2 | B61: 39 | C61: There are two sources to our world | D61: lower realm but the mixture of the two | E61: 1981 | F61: 121-122 | G61: 71 | H61: 116 | I61: Similar diagrams in folders 63, 65
A62: 2 | B62: 40 | C62: The discovery of an organization hyper-structure | D62: deserved of our profoundest attention | E62: 29840 | F62: 122-123 | G62: 56 | H62: 15
A63: 2 | B63: 41 | C63: The following line of reasoning is correct | D63: spatiotemporal phenomenal universe we see | E63: 29841 | F63: 123-125 | G63: 56 | H63: 16
A64: 2 | B64: 42 | C64: It seems a small thing to say, but I say | D64: as total insubstantial abstract structure | E64: 29841 | F64: 125-126 | G64: 56 | H64: 17
A65: 2 | B65: 43 | C65: If the abstract structure of reality | D65: This is Pythagoras, not Plato | E65: 29841 | F65: 127-128 | G65: 56 | H65: 18
A66: 2 | B66: 44 | C66: The agent of creation is its own structure | D66: Pythagoras and Plato, perhaps without knowing it | E66: 29841 | F66: 128-130 | G66: 56 | H66: 19
A67: 2 | B67: 45 | C67: A final point: the world transformed | D67: healing; it is repair | E67: 29907 | F67: 130 | G67: 56 | H67: 28
A68: 3 | B68: 1 | C68: My very recent book dream | D68: against Marxism as one form of it | E68: 1975 | F68: 131-132 | G68: 5 | H68: 156
A69: 3 | B69: 2 | C69: Thinking back over my life | D69: dead matter, i.e., Zebra | E69: 1977 | F69: 132-138 | G69: 50 | H69: 11
A70: 3 | B70: 3 | C70: I, who was not a legitimate member | D70: imposed on reality - mind over matter | E70: 1978 | F70: 138-140 | G70: 6 | H70: 14
A71: 3 | B71: 4 | C71: Valis is the real & rational | D71: Eigenwelt by sharing it via the art with others | E71: 1978 | F71: 140-144 | G71: 8 | H71: 19
A72: 3 | B72: 5 | C72: So the BIP is an ossified complex in the macromind | D72: i.e., the cmoplex (BIP)!!!! | E72: 1978 | F72: 144-145 | G72: 11 | H72: 72
A73: 3 | B73: 6 | C73: All my writing, in which irreal, forgery | D73: seriously (sic) believe this? | E73: 1978 | F73: 145-148 | G73: 14 | H73: 63
A74: 3 | B74: 7 | C74: The mad god James-James began | D74: infinitude of them, like so many skins | E74: 1978 | F74: 148-151 | G74: 16 | H74: 29
A75: 3 | B75: 8 | C75: Thought (Satori): Dedalus & the maze | D75: function of the maze; its internalization | E75: 1978 | F75: 151-152 | G75: 22 | H75: 13
A76: 3 | B76: 9 | C76: But are you writing something serious? | D76: some other way, & let them be happy | E76: 1978 | F76: 152-153 | G76: 16 | H76: 70
A77: 3 | B77: 10 | C77: The fact that after 4 1/2 years of strenuous exegete | D77: reward, the revelation you get for so doing | E77: 1978 | F77: 153-155 | G77: 22 | H77: 31
A78: 3 | B78: 11 | C78: Rightly, I. seek beauty like Parsival | D78: I am an analyzer | E78: 1978 | F78: 155 | G78: 39 | H78: 63
A79: 3 | B79: 12 | C79: Ah! Realm I is at CAD 45 | D79: I've done my best | E79: 1978 | F79: 155-156 | G79: 38 | H79: 37
A80: 3 | B80: 13 | C80: This is the paradox of, "Where should you most expect | D80: Message-processing, Ubik-like ultimate entity | E80: 28734 | F80: 156-157 | G80: 2 | H80: 41
A81: 3 | B81: 14 | C81: Then the illusions of space, time, world, causality | D81: It began in that moment, forty years ago | E81: 28734 | F81: 157-158 | G81: 2 | H81: 64
A82: 3 | B82: 15 | C82: Premise: Things are inside out | D82: Bits & pieces swept together to form a unity | E82: 1980 | F82: 158-160 | G82: 1 | H82: 24
A83: 3 | B83: 16 | C83: So if you push essence far enough | D83: Who is it? What is it? I don't know | E83: 1980 | F83: 160 | G83: 1 | H83: 122
A84: 3 | B84: 17 | C84: I'm an addict; I'm addicted to infinity | D84: because it gives me pleasure | E84: 1981 | F84: 160 | G84: 75 | H84: 1
A85: 3 | B85: 18 | C85: I can say no more. What I have done | D85: what I comprehended in 2-74 | E85: 1981 | F85: 161-163 | G85: 75 | H85: 13
A86: 3 | B86: 19 | C86: Illumination: April Friday night 4:45 a.m., the 3rd, 1981 | D86: in meekness!!!) The Gentle. | E86: 29679 | F86: 163 | G86: 75 | H86: 52
A87: 4 | B87: 1 | C87: So Joint, Eye, Stigmata, Ubik, Maze & Tears are progressive | D87: self deception on our parts) is involved | E87: 1977 | F87: 165-168 | G87: 3 | H87: 75
A88: 4 | B88: 2 | C88: In TIME OUT OF JOINT the world is a fake | D88: The bible is a door (3:5?) | E88: 1977 | F88: 168-169 | G88: 35 | H88: 6
A89: 4 | B89: 3 | C89: One fascinating aspect of Ubik is disclosed | D89: interesting typo; I mean "us," not "up"). | E89: 28448 | F89: 169-173 | G89: 32 | H89: 8
A90: 4 | B90: 4 | C90: So that's what I did in Ubik -- correctly represented | D90: therefrom, as put forth in Valis | E90: 1978 | F90: 173-174 | G90: 11 | H90: 4
A91: 4 | B91: 5 | C91: Okay, Watergate got us out of S.E. Asia | D91: & stayed on to 74 and Tears | E91: 1978 | F91: 174-175 | G91: 11 | H91: 47
A92: 4 | B92: 6 | C92: God, all my "this is illusion" writing | D92: Could the two worlds be regarded as two domains? | E92: 28672 | F92: 175-176 | G92: 16 | H92: 10
A93: 4 | B93: 7 | C93: God, I have broken myself in this pursuit over 27 years | D93: soul. "Men like to sleep." | E93: 28672 | F93: 176 | G93: 16 | H93: 19
A94: 4 | B94: 8 | C94: Eye, Joint, 3 Stigmata, Ubik & Maze are the same novel written over & over again | D94: one or more Great Esoteric Secrets | E94: 1978 | F94: 177-178 | G94: 15 | H94: 44
A95: 4 | B95: 9 | C95: To repeat myself - all this implies that the intervention | D95: was what it was all about | E95: 1978 | F95: 178-179 | J95: Unlocated
A96: 4 | B96: 10 | C96: Like Garson Poole I may have changed my inner | D96: so saw something different | E96: 1978 | F96: 179 | J96: Unlocated
A97: 4 | B97: 11 | C97: Scanner as I've said before is the other half | D97: bride, wedded to Christ as Bridegroom | E97: 1978 | F97: 179-183 | G97: 19 | H97: 37
A98: 4 | B98: 12 | C98: It's odd that it's mainly in the 3 Bantam books | D98: has power over our perceptions. (As in Stigmata.) | E98: 1978 | F98: 183-185 | J98: Unlocated
A99: 4 | B99: 13 | C99: Stigmata is a Satanic Bible: the novel | D99: an antitoxic, de-occlusive | E99: 1978 | F99: 185 | G99: 21 | H99: 22
A100: 4 | B100: 14 | C100: Ah! In Ubik locating the Ubik messages | D100: unless it were true | E100: 1978 | F100: 185 | G100: 38 | H100: 71
...

Sheet Jackson-Lethem rundown
A1: Sequence | B1: Identified folder and page | C1: Opening line | D1: Closing line | E1: Note | F1: Pages | G1: Sutin or other correlation
A2: 1 | B2: 4:1 | C2: In Ubik the forward moving | D2: looked out and saw itself
A3: 2 | B3: 4:6 | C3: Dear Peter, […] in regards to the tone | D3: your opinion uniquely | E3: Letter to Peter Fitting 6/28/74 | G3: Selected Letters 6/28/74 (I trust)
A4: 3 | B4: 4:13 | C4: Dear Claudia, Since I last wrote you (sending | D4: you have nothing planned? | E4: Letter to Claudia Bush 7/5/74 | G4: Selected Letters 7/5/74 (I trust)
A5: 4 | B5: 4:16 | C5: Dear Claudia, […] Inasmuch as Iv'e delighted you | D5: It must be back for a reason | E5: Letter to Claudia Bush 7/13/74 | G5: Selected Letters 7/13/74 (I trust)
A6: 5 | B6: 4:34 | C6: Dear Claudia, Herewith you will find | E6: Letter to Claudia Bush 7/16/74 | G6: Selected Letters 7/16/74 (I trust)
A7: 6 | B7: 4:34 [enclosure] | C7: July 8, 1974 First day of the constitutional crisis | G7: Sutin 233-237
A8: 7 | B8: 4:41 | C8: The best psychiatrist I ever saw | D8: Out of memory | G8: Sutin pp1-20
A9: 8 | B9: 4:? | C9: Dear Claudia, I think I've solved what's been in my head | D9: I sure have odd nights. | E9: Letter to Claudia Bush 7/22/74 | G9: Selected Letters 7/22/74 (I trust)
A10: 9 | B10: 4:? | C10: Dear Claudia, I will xerox the Philip Purser | D10: Freudian slip; sorry. Write any time. | E10: Letter to Claudia Bush 7/24/74 | G10: Selected Letters 7/24/74 (I trust)
A11: 10 | B11: 4:? | C11: Dear Claudia, Claudia! Another letter! | D11: Demeter for instance | E11: Letter to Claudia Bush 7/24/74 | G11: Selected Letters 7/24/74 (I trust)
A12: 11 | B12: 4:? | C12: The Other is not any one thing | D12: This is the Logos perhaps
A13: 12 | B13: 4:? | C13: Dear Ursula, I just sent you a big manila envelope | D13: always clearly at the future | E13: Letter to Ursula Le Guin 9/23/74 | G13: Selected Letters 9/23/74 (I trust)
A14: 13 | B14: 4:? | C14: Dear Claudia, The other day I lay down | D14: all move into action | E14: Letter to Claudia Bush 9/26/74 | G14: Selected Letters 9/26/74 (I trust)
A15: 14 | B15: 4:? | C15: Dear Claudia, Can I rattle on some more | D15: and he'll have had it | E15: Letter to Claudia Bush 11/29/74 | G15: Selected Letters 11/29/74 (I trust)
A16: 15 | B16: 4:? | C16: Dear Claudia, I just wrote Diane Pike | D16: results are outta sight | E16: Letter to Claudia Bush 11/30/74 | G16: Selected Letters 11/30/74 (I trust)
A17: 16 | B17: 4:? | C17: A human being is a material system | D17: Or however.
A18: 17 | B18: 4:? | C18: The right hemisphere is the seat | D18: outer ones together
A19: 18 | B19: 4:? | C19: Jesus said to the disciples | D19: me-not me will be transcended | E19: Enclosed with Jan. 27, 1975 letter to Williams | G19: Sutin 250-251
A20: 19 | B20: 4:? | C20: Dear Malcolm, […] One thing I've meant to write you | D20: Thank you for your article on Tears | E20: Letter to Malcolm [Hulke?] 1/29/1975 | G20: Selected Letters 1/29/75 (I trust)
A21: 20 | B21: 4:? | C21: Dear Malcolm, Would you object if I completed | D21: I hope you're not displeased | E21: Letter to Malcolm [Hulke?] 1/31/1975 | G21: Selected Letters 1/31/75 (I trust)
A22: 21 | B22: 4:? | C22: Dear Claudia, It seems to me that one of the most | D22: that he may acquire it | E22: Letter to Claudia Bush 2/13/75 | G22: Selected Letters 2/13/75 (I trust)
B23: 4:? | C23: The forms (categories such as "transportation") | D23: the latter Rome is what I saw
